1,6,som original - dan,"fyp%E3%82%B7, foryoupage, foryou, fyp",elisa.blla,85800
1,8,sonido original - ğ•¾ğ–™ğ–—ğ–Šğ–Šğ–™ğ–ˆğ–ğ–ğ–‘ğ–Šğ–Š,"@monse._gr1, viral, viralvideo, paratodoti, vira, fip%E3%82%B7, pppppppppppppppp, macx1000, vamospormas%E2%9D%A4%EF%B8%8F%E2%9D%A4%EF%B8%8F%E2%9D%A4%EF%B8%8F%E2%9D%A4%EF%B8%8F%E2%9D%A4%EF%B8%8F, jajajajajajajajajajajajajaja, top, amorpropio, hermosasdetiktok, locasperofelices, hermo, mujerbella, amordefamilia, masrehehija%E2%9D%A4%EF%B8%8F, cherleader, seca, deport, viral, jerekleinmiunicoamor, jereklein%E2%99%A5%EF%B8%8F",lissette.vargas,20100
2,7,original sound - haileena,"fyp, foryoupage, viral",that.seann,629700
2,13,original sound - Jas Dior,"fyp%E3%82%B7%E3%82%9Aviral, foryoupage, viral, blowthisup, trending, justforfun, foryou, viral, taylorayani",missayaniii,45000
2,15,original sound - user3885583914500,"pov, foryou",mialaniaurora9,116800
2,17,original sound - Lala,"lala_sadii, pov, foryou, fyp, viral, trend, vlog, everyday, dailyvlog, relatable, shower, morning, bloompartner",lala__sadii,0
2,26,original sound - â˜…,"jake, @johnnieguilbertreal, @jakewebber9, fyp, johnnie, jake, johnnieguilbert, jakewebber, edited, funny, viral, 2023, 2024, newyear, youtube, youtubers",xx..editsxx0,225000
3,0,Dance for you BeyoncÃ© - kEnZiE ğŸ«¨,"fyp, viral, koolinwithkaii",kaiikillahoe,67500
3,1,my humps x barbie girl remix by clouds.s0ftt - zaiâ„¢,"foryoupage, viral, 3kaidenn",3kaidenn,326900
3,2,original sound - youpovs,"povs, foryou, foryoupage",youpovs5,26300
3,14,original sound - Snc.dxğŸ––,"fyp, foryou, viral, jake, jakewebber, jakewebber9, tara, tarayummy, jakeandtara, jara, romanempire",snc.dx,381900
3,15,original sound - MapleğŸ(Jakes version),"fyp, viral, @jakewebber9, @johnnieguilbertreal",jake_johnniee,56500
3,18,son original - Yasmine_roblox,"foryou, pourtoi, roblox, mm2, lol, murder, mdr",yasmine0_01,93800
3,21,original sound - á¶œ,"tarayummy, tarayummy, tarayummyedit, jakewebber, johnnieguilbert, fyp, viral, famous, noticed, shopping, tarayummyyedits, xcyzba",guilbertsgfz,0
3,22,original sound - ğ•­ğ–Šğ–˜ğ–™ ğ–”ğ–‹ ğ•¾ğ–”ğ–“ğ–Œğ–˜,"foryou, fyp, foryoupage, fyp%E3%82%B7",elisa.blla,502900
3,24,Watch your mouth - Female Rap,foryou,asiamonetrayyy,67900
4,1,original sound - Keeks,"fyp, viral",keonclarkee,435000
4,6,I LIKE TO PARTY - Sdot Go & SweepersENT & Jay Hound & Sha Gz & Jay5ive,"fyp, jessate, viral",itzzz_justtjess,275800
4,8,original sound - NasFromTheGram_Fn_cl,"iamkartier, dogsoftiktok, pet, blowthisup, fyp%E3%83%84, viral, dog",iamkartier,590600
4,13,original sound - thathandsomefella,"roblox, imjakebruh, fyp, foryoupage, fyp%E3%82%B7, adoptmeroblox, adoptme, adoptmepets, scammed, 2020, sigma, mog, dahoodfyp, famous, viral, funny, xybca, demon",imjakebruh,40900
4,14,original sound - M âœ¿,"fyp, viral, blowup%3F, goofyvideo%F0%9F%92%80, funny, dharmann",.totallydrxzma,0
4,16,original sound - Tc,"fyp, foryou",eli_unique_,27100
4,18,original sound - ğŸ’•Sheila Campbell,"foryou, fyp%E3%82%B7, relatable, viral, relationship",isabellabbaby,416500
4,19,original sound - ğ“°ğ“ªğ“»ğ“²ğ“«ğ“ªğ”‚â¤ï¸,"ral, fyp, viral, him, inlovewiththemoneyiaintneverlettinggo",crystalll.pt2,273800
4,20,original sound - raquelleğŸ”›ğŸ”,"fyp, funny, viral, xyzbca",patrickkdonley,384800
4,23,original sound - clips.theboondocks,"fyp, foryou, foryoupage, viral, relatable, blowthisup, xyzbca",yk_william_,58800
4,24,twirlanta - wzvrsl,"famous, fyp, foryou, foryoupage, trending, makemefamous, inbenwetrust, viral",benwentviral,0
5,3,BLACKOUT. Thekatiebradshaw - Katie Bradshaw,"fyp, viral, annielay12, 2021, curls",annielay12,305000
5,9,original sound - Jay,"@yadipr_5, fyp, pourtoi, explorepage, explore, viral, outfit, sameoutfit, seakers, florida, fyp%E3%82%B7",yohan_lbt,0
5,11,original sound - ubuh,"fyp, foryou, acting, pov",ubuh58,30100
5,15,flawless diamonds - Tylxrrrâ„¢,"kahoot, class, kids, highschool, school, foryou",moreforsports,242900
5,16,original sound - bz2real,"fyp%E3%82%B7, viral, xyzabc, zyxcba, share, relatable",bz2real,576400
5,17,La Tos del Coronavirus by Hey Santana - Hey Santana,"fyp, viral, blowthisup, crunchycough, jesuslovesyou, foryoupage, fypppppppppppppppppp, foryou, fyp%E3%82%B7, trending",l0v3rtoriii,111200
5,18,Iâ€™m The Shit - Sexyy Red,"viral, trending, prettygirls, imanmarie, viralvideo",imanmarieeee_,197000
5,24,original sound - .,"fyp, corben, xyzcba, viral, famous, trendy, quote",corbynn1,557400
