1,0,original sound - RANGO TENGE TENGE ğŸ‡ºğŸ‡¬,@rangotengetenge,noelgoescrazy,12
1,1,Original Mii Channel Theme - VideoGameOST,"@jiraffe_7, mukbang, chinesetakeout, lomein",sylphsarayu,19400
1,2,sonido original - ğ“šğ“ªğ“½ğ“½ğ”‚ ğŸ•·ï¸,"alondrissa, rai, viral, fyp, paratii, noflopplease",alon.rai_,47800
1,3,original sound - Addictive lyrics <3,,blackgapprincess,809500
1,4,original sound - Plumtoy,"fyp%E3%82%B7, sapphic, queer, wlw, lgbtq%F0%9F%8F%B3%EF%B8%8F%E2%80%8D%F0%9F%8C%88",plumtoy,10300
1,5,original sound - TheNight,"foryou, fyp%E3%82%B7, relatable, inasrwetrust, asrelatables",as.relatables,477900
1,8,original sound - yofavvstephhh,"tiktok, fyp%E3%82%B7%E3%82%9Aviral, funnymoments",yofavvstephhh,945600
1,9,original sound - Haley ğŸŒ™ | aemkniqht,,slipsmadejslo,14900
2,0,baby wait - dd osama vids,"ddosama, ddosamaedit, sugarhillddot",ddosamavids,49400
2,1,Sandwich Song - Lil $ucre,"school, video, talking, teacher, fyp%E3%82%B7",idkijustwroteaname,340500
2,2,son original - yeahâ¥,@upformaturas,emillyvickof,258600
2,3,original sound - 6footkillaa,"publicinterview, height, nyc, fyp, viral, foryou",6footkillaa,841800
2,4,Barbie - JaidynAlexis,,dakidteewizzaa,421600
2,6,original sound - ghstctrl,"fyp, maskedmen, downbadformaskedmen, maksedmenarehot, airsoft, tacticalgear, tattoos, cod, cosplay, codcosplay",mizu_fx,188900
2,8,son original - luluxxss,"gameshakers, fyp%E3%82%B7, nickelodeon, gameshakersedit, babecarano, creecicchino, gameshakersbabeedit, nickelodeonuk, trend, nickelodeonedit, edits, luluxxs1_spam",danger_gamess,8246
2,9,K. - Cigarettes After Sex,"amor, paraminovia, pololos, teamo, parati, fyp",dorito.sbb,657500
2,11,original sound - Yvng Homie,,yvnghomie,197100
2,12,som original - sooymyh - SOOY ğŸ§¸,"LISA, fy, fyp, foryou, goviral, lisa, blackpink, sooymyh",sooymyh,95900
2,17,original sound - Slimmerjimmer,"fyp, laugh, funny, funnyvid, funnyvid, foryou, viral, tredning, funnyvideos, viralvideo, relatable",2slimmm,1
2,18,Use my sound - jojo,shorts,dre_da_dancer,14200
2,19,original sound - kk,"sturniolotriplets, sturniolotripletsedit, fyp, viral",m4tta8,76600
2,20,original sound - Curtis Charles,,aureliadobre,55500
2,23,orijinal ses - caner,,princessameliawu,648100
2,25,original sound - âœ°,,uluv.luna.tuna,43700
3,3,original sound - Bull.E pack,,elsarca,51400
3,5,original sound - RANGO TENGE TENGE ğŸ‡ºğŸ‡¬,"@ediithimonikhe, tiktokuganda%F0%9F%87%BA%F0%9F%87%AC, tiktoknigeria%F0%9F%87%B3%F0%9F%87%AC, tengetenge, alekie08, alekie, alex, fyp, viral",alekie08,51000
3,7,original sound - bri â‹†Ëšâ€,,itssunnyy21,250500
3,9,so bitter - spedup - Stxlkin,"capcut, fyp, viral",pyromanicookie.cc,953800
3,11,original sound - Jay,"@yadipr_5, fyp, pourtoi, explorepage, basketballplayer, viral, florida, fyp%E3%82%B7, dayone",yohan_lbt,1427
3,15,orijinal ses - Deniz,fyp,aegunes,2
3,16,AH TXE TXE - GIANT & TYSON,,noelgoescrazy,4
3,17,suono originale - Jiafei ateğŸ¥°,"floptok%F0%9F%98%8D%F0%9F%98%8D%F0%9F%98%AD%F0%9F%98%8C%F0%9F%A4%9E%F0%9F%92%85%F0%9F%92%85, floptokera%F0%9F%A4%AA%F0%9F%A4%AA%F0%9F%A5%B0%F0%9F%A5%B0%F0%9F%98%8D%F0%9F%98%8D, jiafei, fyp, floptok",possaypowerlover,124600
3,19,original sound - Duke Basketball,,dukembb,228400
3,20,supÃ¯do Jiafei Remix - FlopcakKe,"jiafei, lifehack, lifehacks, meme, jiafeiproducts",kietfei,3
3,22,original sound - hurdson_k_ug,"rangotenge, foryou, fouryoupage, fyp%E3%82%B7, fyp%E3%82%B7%E3%82%9Aviral, fyp, viralvideo, viral, viraltiktok, viralpost, trending, trendingvideo, likes, following, friends",hurdson_k_ug,318600
3,25,original sound - habz.fx,"fyp, fyp%E3%82%B7, charliedamelio, viral, celebrities, relatable, floptok%F0%9F%98%8D%F0%9F%98%8D%F0%9F%98%AD%F0%9F%98%8C%F0%9F%A4%9E%F0%9F%92%85%F0%9F%92%85, foryoupage, walmart, foryou, 4you, foru, viralfyp, viralforyou, viral4you, viralforu, viralforyoupage",luke16x,256000
3,26,original sound - spo6kzie,"viral, fyp, foryoupage",jessi_lopez____2,646500
3,28,original sound - spo6kzie,"fyp, trending, funny",abbysaltzmaniscute,7019
4,1,som original - Ronaldo,,dud4zz67,322800
4,2,original sound - m_chahap - CHU13,"golf, vw, vwgolf, scirocco, viral, video, best, cars, tcr_vd, trip, volkswagen, tcr",tcr_vd,5
4,3,Moonee - El,"kingvon, lildurk, cryingbaby, fyp%E3%82%B7, rap, hiphop, kingvonoblock32, fypage, ripvon%F0%9F%92%94%F0%9F%95%8A%E2%9A%AB%EF%B8%8F",kingvonoblock32,7930
4,5,Low - Flo Rida,gladyouasked,paulinamisha,1
4,11,original sound - mckinley richardson,,mckinleyrichardson,10800
4,13,original sound - The Relationship Hub,@marietpk7gk,pierson,542900
4,14,original sound - Camman,,airsoftcamman,40000
4,15,original sound - Dumb Ways to Die,"@andreas.vince2, trampolinefail",dumbwaystodie,222800
4,19,original sound - Dâ€™Aydrian Harding,,daydrianharding,226900
4,22,som original - manulasilva123,,manulatubarao,138400
5,0,original sound - KEN,"gymtok, kenfit",kenfit_,190300
5,3,nháº¡c ná»n - V,"animals, confusingbehavior, chipicat, cutecat, catdance",marceloeguino,636200
5,5,som original - 888,,drealitt,854600
5,8,Bong Bing - Laa Lee & Cristale,,asalundjadan,56700
5,9,Tipo Hollywood Fp e camponÃªs - Filipe Rodrigues,@juliabelizario_,kikasecun,1
5,10,Otto von - Gen:Otto von,"genottovon, fyp%E3%82%B7%E3%82%9Aviral, foryoupage%E2%9D%A4%EF%B8%8F%E2%9D%A4%EF%B8%8F, fyp%E3%82%B7, ugandatiktokers%F0%9F%87%BA%F0%9F%87%ACthank, tengetenge",ottovon44,444300
5,18,original sound - OfficialPDC,"school, snowday, bro, online, gaming, relatable, funny, perfect",thatmaskedguy3300,717200
5,19,original sound - Nyc drill ğŸ¥·ğŸ¾ğŸš¬ğŸ’¥ğŸ”«,"freeynwmellyy, ynwmelly, free, kingvon, ripkingvon%F0%9F%92%94%F0%9F%95%8A%EF%B8%8F, fyp, foryou, fypag",brexxp,156400
5,20,Arcangel Feliz Navidad Peppa Covers - Peppa Covers IA,"orizaba, navidad",soyemmacocomx,6
5,22,original sound - abdullahğŸ˜ğŸ˜,"fyp, drippy_makkapakka1, foryoupage%E2%9D%A4%EF%B8%8F%E2%9D%A4%EF%B8%8F, foryoupageofficiall, viral, funnyvidoe, fake, joke",abdu1145,794600
5,25,1989 - Spotify & Yandex Music LYRICS,"y2k, y2koutfits, newrock, newrockshoes, tripp, trippnyc, bbbelt",vanceshawty,43100
5,26,original sound - zahid dubai 7,sadmoment%F0%9F%98%AD,zahiddubai7,213800
5,27,sonido original - gato,"teterete, jacintoelmarciano, pedritomeelectrucutaste",circodeteterete,613800
