1,1,"fyp, steffnyc, foryou, viral",steffnyc_,756200
1,2,"fyp%E3%82%B7, relatable, trending, aylecia, blowthisup, viral, qtips",leci.bby,278600
1,4,"fyp%E3%82%B7, foryoupage, foryou, fyp, tiktok",elisa.blla,367600
1,6,"foryoupage, tiktok, fyp%E3%82%B7, viral, jheneaiko, trend, foryou, fyy",secret4eve,172000
1,10,"tomkaulitz, tokiohotel, tokiohoteledit, editor, videostarpro, foryou, 2000er, kaulitz, k3aulitzz, tomkaulitzedit, foryoupage, y2k",k3aulitzz,140500
2,10,"foryou, fyp, bhadbhabie, fyp%E3%82%B7, xyzbcafyp%E3%82%B7, foryou, fyp%E3%82%B7, getonthefyp, fyp, foryou, fyp%E3%82%B7, xyzbcafyp%E3%82%B7, real, wockst%E2%98%85rz",cassidyrosee__,0
2,13,"fyp%E3%82%B7, viral, foryoupage",youcantfindalex,200500
2,14,"sugarhillkeem, keem, sugarhill, sugarhillddot, ddot, ddotsugarhill, sturdy, edit, explore, foryou",noddi_edits,67100
2,16,"sturniolotriplets, sturniolotripletsedit, fyp, viral",m4tta8,76200
2,23,"foryou, fyp, djangelx",dj.angelx,259300
3,1,"foryou, roblox, dahood",arabdhian,12300
3,2,"chainsfr, animated, school, foryou",chainsfrtokss,217700
3,9,"foryou, fyp, viral, goviral",uwantsophie,472800
3,16,"fyp, foryou, foryoupage, hair, redhair, funny, unevenhair, fluffyhair, emo, emoboy",ashie.graverose,131100
4,0,"foryou, funny, trending, trend, viral, fyp%E3%82%B7",jta.official0,162800
4,9,"fyp, viral, blackart, tupac, blackartist, walldecor, smallbusiness",joii.kreo,66200
5,1,"fyp, viral, trending, fashion, streetwear, quotes, vibes, real",areyoudirtydan,780900
5,7,"fyp, baggypants, jeans, foryou, viral",jazzssecretacc,212700
5,10,"tommytheclownn, fyppppppppppppp, tommysquad, viral, tommyhotgirlz, tommylilcrew, moralatte",t_squad_forever12,26600
5,14,"foru, fyp, trend, real, lmao, viral",s_tuedor,598600
5,17,"larrialandalexis, married, couplecomedy, couplelove, marriedhumor, relateable, foryou, fyp",thetylers_,17600
5,18,"fyp, viral",jxrdznn,364100
5,23,"@uluv.luna.tuna, viral, foryou, fypage, lovee, imissyou",theyyluvvv.trinityyy,58600
5,24,"fyp%E3%82%B7%E3%82%9Aviral, fy, f, foryou, relatable",111.sav,685400
1,2,original sound - fr0sty_rick,"fyp%E3%82%B7, relatable, trending, aylecia, blowthisup, viral, qtips",leci.bby,278600
1,4,original sound - Goosebumpa69,"fyp, cheese, driveby, funny, viral, lol",goosebumpa69,380500
1,10,original sound - Adroüí∞¬©Ô∏è,"fyp, foryou, viral, relatable, real, blowthisup, xzyabc, fyp%E3%82%B7, trending, famous, funny",wockhardt03,226600
2,1,Josh Levi BIRTHDAY DANCE - Demilano,"fyp, foryou, viral",pyt.leyleyy,152300
2,2,–ú–æ–π –º–∞—Ä–º–µ–ª–∞–¥–Ω—ã–π (–Ø –Ω–µ –ø—Ä–∞–≤–∞) - –ö–∞—Ç—è –õ–µ–ª—å,"real, relatable, pov, wakingupinthemorning, brushyourteeth, teeth, white, late, viral, fyp, fyp%E3%82%B7, fyppppppppppppppppppppppp",samuel_iscr,387200
2,6,som original - DM Songs,"motorcycle, viral",billybeige,363700
2,8,sonido original - halo,"diamantblazi, seckoff, bball, basketball, fyp, dance, gamewin, gameday, viral, foryou, trend, floridabasketball, florida, usa, usabasketball, trio, dunk, sportstiktok",diamantblazi,70500
2,16,original sound - coop√´r,"fyp, fyp%E3%82%B7, trending, viral, batman",katoradora,620500
2,19,sonido original - halo,"@yadipr_5, pourtoi, fyp, viral, basketball, basketballplayer, florida, dayone, seakers, kobe6",yohan_lbt,40500
2,24,original sound - rxnplify,"wawa, fl, florida, fyp, foryou, viral, floridakids, fyppppppppppppppppppppppp, fypp, foryoupage, foryou, blowthisup, wawawarriors, floridaa, @brian.e25, @reeeef2, @munchacho1, @sean._.uzumaki",zachvanss,274200
3,2,sonido original - halo,"diamantblazi, seckoff, basketballplayer, floridabasketball, florida, usa, usabasketball, dunk, explore, explorepage, foryou, fyp, pourtoi, viral, lifestyle, trend",diamantblazi,236500
3,3,original sound - sp6kzie,"fyp, viral, jujuwalk, blowthisup, school, rizz",avas.chronicles,576000
3,18,original sound - Danni üáµüá∏,"fyp%E3%82%B7, foryoupage, edit, editor, foryou, ae, slendermami%F0%9F%98%8D, roblox, robloxeditor, trendy, robloxfyp%E3%82%B7, animator, robloxanimation, relateable, relate",eyesondannii,98400
3,19,IDC CYPHER DAMNBANDZ X PURR.XD - DamnBandz,"fyp, foryoupage, parati, foryou",sherlinota,128800
3,20,original sound - Sü´∂üèº,"fyp%E3%82%B7, viral, funny, bestfriend, relatable, foryoupage, meme, forever",followforfolloww444,659000
3,26,Imma Scope The Scenery Out Meatball Casa Di - CasaDi,"icywicy, funnymike, fyp, foryou",luvv4iys,70500
4,1,Last Christmas - Jordan James,"howmanysongsdoyouknow, friend, friendship, musicchallenge, friendsforever, friendshipsong, friendshipgoals, happytogether, foryou, friendship, pinterest, aesthetic, bestfriend, tagyourbestfriend, tagyourfriends, friends, trend, trending, audio, appreciation, gta6",robinboydxaxa18,656700
4,8,Let's Get It On - Marvin Gaye,"shrek, filter, foryou, youtube, theawsomavenger, shrekisloveshrekislife",buddeogame,0
4,12,The Mop - TisaKorean & Kblast & Huncho Da Rockstar,"christian, christiantiktok, jesus, fyp, foryou, trending",joechristianguy,302500
4,16,wham by myaap - xen,"godfirst, fyp, blowthisup, blowthisup, wockst%E2%98%85rz, viral, virgo%E2%99%8D%EF%B8%8F, him, real, relatable, christmas, december, gyatttttttt",official.fn.dj,0
4,22,FUNKY TOWN DJ BAKE X ZIAH - Ziah150,"fyp, foryoupage, trending, xyzbca, viral, blowthisup, fyp%E3%82%B7, nyc, relatable",rayneverlackinnnn,14100
4,23,sonido original - halo,"@lilwavy.7, @yohan_lbt, diamantblazi, seckoff, basketball, bball, mediaday, fyp, viral, florida, usa",diamantblazi,502100
4,25,Ring around da rosiee - üÖøÔ∏è,"fyp, fyp%E3%82%B7, pov, viral, funny",mahalkuyaj,0
4,26,Better Place (Family Harmony) - Justin Timberlake & Eric Andre & Daveed Diggs & Kid Cudi & Troye Sivan & Anna Kendrick & Camila Cabello,"kotacake, bigkota, trendingsong, trolls, viral, fyp, dancechallenge, foryou, family, fun, tiktok",kotacake_,0
5,1,original sound - üéßaudios,"fyp%E3%82%B7, foryou, blowthisup, relatable, content, xyzbca, viral",melissaa2finee,183300
5,2,My Love Mine All Mine - Mitski,"fyp, bf, tattoo, bitemarktattoo, foryou, trending, onthisday, fypviral%E3%82%B7",bettyzootattoo,977400
5,4,sonido original - halo,"diamantblazi, seckoff, bball, basketball, fyp, dance, gamewin, gameday, viral, foryou, trend, floridabasketball, florida, usa, usabasketball, trio, dunk, sportstiktok",diamantblazi,36800
5,5,original sound - rruomed,"viral, videoviral, meme, memes, funny, fyp",rruomed,0
5,7,original sound - TONY STATOVCI,"fyp%E3%82%B7, fyp, viral, viralvideo, tiktok, fyp%E3%82%B7%E3%82%9Aviral, meme, memes, funny, school, stairs, vs%F0%9F%92%AB",yourfavo_vs0,871300
5,8,original sound - NasFromTheGram_Fn_cl,"fyp%E3%82%B7, trending, foryou, boostofhope, explorpage, viral",dre2.crazyy,165400
5,11,A Ram Sam Sam - CanzoniPerBimbi,"famous, fyp, foryou, foryoupage, trending, makemefamous, inbenwetrust, viral, fakebody",benwentviral,0
5,12,original sound - Jay,"fyp, pourtoi, explorepage, basketballplayer, viral, outfit, florida, fyp%E3%82%B7, kobe6, florida, dayone",yohan_lbt,0
5,17,original sound - Ricky,"@kingtmoney06, fyp%E3%82%B7, trending, blowup, viral, school",thepalealaddin,0
5,18,suono originale - cheb9alwa,"fyp%E3%82%B7, ilovemybf, foryou",.iivaehh_,483200
5,19,sonido original - halo,"@yohan_lbt, @showtimebaba, diamantblazi, seckoff, fyp, basketball, bball, shoot, 3s, foryou, viral, sportstiktok",diamantblazi,834400
1,2,0,"fyp%E3%82%B7, relatable, trending, aylecia, blowthisup, viral, qtips",leci.bby,278700
1,3,0,"diamantblazi, seckoff, bball, basketball, fyp, dance, gamewin, gameday, viral, foryou, trend, floridabasketball, florida, usa, usabasketball, trio, dunk, sportstiktok",diamantblazi,192000
1,8,0,"makemefamous, fyp, foryou, fyp%E3%82%B7, virlal, celebrity",baddussymegaflop,592100
2,5,0,"@julian.sanderss, juju, trend, fyp, fy, school, trending, foryou, lmao",e.ambiti0nz,62800
2,8,0,"foryoupage, fyp, foryourpagethis, viral, marsheluv",marsheluv,50400
2,13,0,"zademeadows, booktok, foryou, daddyissues",_sheloveace,393200
2,22,0,"capcut, capcutplantilla, iamferv, velocity, erick_aep, apoyo%3F, fyp%E3%82%B7, foryou, parati, viralvideo, aftereffects",erick_aep,126600
2,23,0,"fyp, viral",chakemoe,64400
2,24,0,"funny, viral, fyp, nicksturniolo, letstriptour, sturniolotriplets, christurniolo, mattsturniolo, sturniolotriplets, @nicolassturniolo, @sturniolo.triplets, @mattsturniolo, @freshloveclothing",itsthesturniolosbxtch,19700
3,7,0,"fyp, viral, entertainment",k2raw2.0,289700
3,8,0,"lunatuna, jiah, fyp, eyescontact, foryou, @uluv.luna.tuna, @jiahbiahhh",edited.by.latina,56900
3,12,0,"diamantblazi, seckoff, bball, basketball, fyp, dance, gamewin, gameday, viral, foryou, trend, floridabasketball, florida, usa, usabasketball, trio, dunk",diamantblazi,63100
3,14,0,viral,mezrichest,102900
3,15,0,"fyp, foryou, viral, sturdy, axl%F0%9F%83%8F",weirdyoff,35100
3,16,0,foryou,arash9518,0
3,25,0,"foryoupage, fyp, foryourpagethis, viral, marsheluv",marsheluv,394900
4,7,0,"fyp, fyp%E3%82%B7, trending, trend, relatable, relate, foryoupage, viral",ifyoufindmewth,102200
4,11,0,"memes, funny, viral, fyp, xuhuong, cute",meme123cute14,515200
4,13,0,"fyp, viral",chuchiiivibin,157600
4,17,0,"foryou, sunsets",dz1p1,0
4,18,0,"fyp, steffnyc, foryou, viral",steffnyc_,756200
4,20,0,"joker, jokeredit, fyp, foryou",natalie.editvs,382000
4,24,0,"fyp, viral",prettyyluhthug,72500
4,25,0,"foryoupage, foryou, fyp%E3%82%B7, viral, trend, players, comedy",jamyamitchelll,193900
4,27,0,"@c4pr1i, fyp, foryou",codoneja,90800
5,2,0,"fyp, monkey, viral, xyzbca",monkaroonie,0
5,4,0,"fyp, viral, blowthisup, notimomarion, christmas",notimomarion,143200
5,5,0,"fyp%E3%82%B7, viral, foryoupage, relatable",shazyarna,630900
5,6,0,"fyp, martinlutherking, viral, relatable",itssjayskiii,39700
5,9,0,"fyp, bestfriend, thatsmybestfriend, viral, trending",aylanenad,0
5,10,0,"fyp, fyp%E3%82%B7, foryou, blowthisup, viral, trending, relatable, foryoupage",havey2wavy,33800
5,14,0,"fyp%E3%82%B7, xyzbca, viral, blowthisup, maskupjay%F0%9F%A5%B7%F0%9F%8F%BE",maskupjay._,88200
5,15,0,"wwwjessl0v3, fyppppppppppppppppppppppp, bestiegoals%F0%9F%98%8D%F0%9F%98%98%F0%9F%A4%97, viral, %F0%9F%A5%B9foryoupage, fyp, trending, @xchechinx",www.jessl0v3,681500
5,16,0,"fyp, foryou, miyanevaeh, wtofam",themiyanevaeh,38600
5,18,0,"fyp, viral, xyzbca, blowthisup, fyp%E3%82%B7, makemefamous, fyp%E3%82%B7%E3%82%9Aviral, 4upage, foryoupage, 4u, foryou",.n0tharry,0
5,22,0,"fyp, viralvideo, makemefamous, tiktokchallenge, foryoupage, viral, trending, trending, tiktoktrends, xvzbca, viral, relatable, blowthisupforme",hetoomuch6,35600
5,23,0,"fyp, fyppppp%E3%82%B7, parati, viral",.kachita4,38400
