1,0,Metamorphosiss - iBertoli,"calisthenics, motivation, fyp",laura.crossfitness,26000
1,6,original sound - üëë‚ô¨ PROMOTER ‚ô¨üëë,"film, movie, teleplay, isubupromoter, isubpromoter",isubupromoter,87100
1,9,original sound - Jstar_balla,"@jayklickin, e4n, jstarballa, jayklickin, ddosama, fyp",jstarballa_,159900
2,2,Originalton - Meme Hub,"meme, memes, memeindonesia, funnymeme, memedaily, ngakakceriah, reels, reelsinstagram, fyp, random, trending, viral, lucu, ngakak, kocak, dagelan, repost, tiktok, funny, funnyvideos",therealmemehub.fr0,301900
2,3,Frontier - xige12138,,kellywakas,353900
2,4,original sound - Viskint,"@rizz.app, rizz, textingstory, texting",viskint,20400
2,8,original sound - our fav ig stars‚ù§Ô∏è,"@xximanicepersonxx, 2017, monty, betteroffalone, dubsmash, memories",dubsmashrewinds,16300
2,12,original sound - Bobo,,.13obo,629600
2,13,original sound - CheezaAfrikanaDancekids,"rootofhopeafrica, goldenangelsinternational, tenge, trending",rootofhopeafrica,258200
2,15,sonido original - XXXTENTACION,"xxxtentacion, xxxtentacion, xxxtentacion, changes, edits, llj%F0%9F%92%94%F0%9F%95%8A, short, apoyo",xxtentacion1007,27900
2,16,son original - NODDI,"ddosama, responsevideo, ddosamaedit, nottiosama, forever14, backtoback, nydrill, fyp, fy, foryoupage, bronx, bronxdrill, nyc, ddosama, ddosamaedit, lyricedits, ddosamamusic, blowthisup, diss, ripnottiosama, fyp, 4u, trending, viralvideo, viraltiktok, blowthisup, goviral",noddi_edits,1722
2,18,"Spooky, quiet, scary atmosphere piano songs - Skittlegirl Sound","fy, actor, hollywood, deep, crazy, viral",johnamonreal,41200
2,20,original sound - H&T Official,,official_mxico,44300
5,0,original sound - Noel Ramos Estrella - NOEL RAMOS ESTRELLA,longervideo,iamnoel_estrella01ph,234300
5,7,sonido original - üëëñ£Ç”æ”æ”æ‚ÇÆ…Ü‚Ç¶‚ÇÆ‚Ç≥‚ÇÆ≈Ç√ò‚Ç¶_.onfroy17ñ£Çüåè,"paratii, xxxtentaci%C3%B3n%F0%9F%98%AD%F0%9F%92%94, editxxxtentaci%C3%B3n%F0%9F%A5%BA%F0%9F%A5%B9%F0%9F%98%94%F0%9F%98%A5%F0%9F%98%AD%F0%9F%92%94%F0%9F%96%A4%F0%9F%A5%80, xxxtentacion_onfroy17, xxxtentaci%C3%B3n%F0%9F%92%94%F0%9F%96%A4%F0%9F%A5%80, xxxtentaci%C3%B3n%F0%9F%91%91%E2%9D%A4%EF%B8%8F, @x17_onfroy, @freddy_onfroy17, @fans_de_jahseh, @claudia_onfroy20, @llary_onfroyx",xxxtentacion._.onfroy17,4813
5,8,nh·∫°c n·ªÅn - zuweo,,zuweo,106100
5,9,original sound - Humorharbor,"lilrt, lilrtmusic, lilrt60miles, 60miles, adonis, drake, rap, raptok, raptokmoment, crazy, trap, trapper, kaicenat, kaicenatclips, kaicenattv, lil50, kids, kidsoftiktok, kidstiktok, childrens, funny, funnyvideos, lol, fyp, foryou, foryoupage, viral, viralvideo, blowthisup, blowthisupforme, lilrt%F0%9F%94%A5, lilrt6omiles",rapharbor,9468
5,10,sonido original - emrefelxiones4,"history, historias, reflexion, viral",emrefelxiones4,68200
5,11,original sound - NLE choppa üíú,,nlechoppamusic,238500
5,12,original sound - ùïΩùñÜùñï,"@fbcounty, %E1%B8%8D%C4%81kinee, %E3%83%80%E3%83%BC%E3%82%AD%E3%83%8B%E3%83%BC, eazye, fbcounty, cwalk, %E6%A8%AA%E6%B5%9C, yokohama, pfy, pfy%E3%82%B7",dakinee_official,33100
5,14,son original - NODDI,"nottiosama, forever14, explore, viral, e4n, quality, edit",noddi_edits,29000
5,16,"An der sch√∂nen, blauen Donau, Op. 314 - RIAS-Symphonie-Orchester & Ferenc Fricsay","ghost, ghostzombie, warzone, callofduty, codclips, callofdutymobile, simonriley, fyp, _spider1999, warzoneclips, warzone2, modernwarfare3",_ghost_riley141,232000
5,18,original sound - üî± Military Minds üî±,"challenge, strength, gym, bodybuilding, workout, gymtok, usa, fyp, viral",militaryminds74,113900
5,21,original sound - cora,,usersugardaddybigsiur,922000
5,23,bless. - suritasarapist69,"fyp, kayflock, kayflocka, freekayflock, nydrill, bronxdrill, loveormoney",insouline__,44000
5,25,Untitled #13 (Super Slowed) - glwzbll,"mortalkombat1fatalities, mortalkombat1, mortalkombat1fatalities, foryou, foryoupage, fyp, gamingontiktok",jafferyh,20100
